transactionId,visitorId,date,revenue,group
1,1243327,2021-01-01,151.59,A
2,1857231,2021-01-01,269.31,A
3,1879007,2021-01-01,277.81,A
4,1367895,2021-01-01,953.0,A
5,1355549,2021-01-01,495.76,A
6,1092163,2021-01-01,400.9,A
7,1745570,2021-01-01,724.29,A
8,1661945,2021-01-01,203.82,A
9,1764670,2021-01-01,158.97,A
10,1267140,2021-01-01,339.16,A
11,1459932,2021-01-01,456.3,A
12,1252122,2021-01-01,872.07,A
13,1127837,2021-01-01,191.27,A
14,1127735,2021-01-01,928.9,A
15,1804343,2021-01-01,391.36,A
16,1023679,2021-01-01,995.75,A
17,1754999,2021-01-01,380.91,A
18,1318206,2021-01-01,923.01,A
19,1846107,2021-01-01,597.89,A
20,1632003,2021-01-01,246.92,A
21,1472011,2021-01-01,580.96,A
22,1216774,2021-01-01,425.93,A
23,1319225,2021-01-01,1165.51,A
24,1434551,2021-01-01,253.46,A
25,1199353,2021-01-01,838.44,A
26,1834102,2021-01-01,391.2,B
27,1869761,2021-01-01,184.2,B
28,1259364,2021-01-01,575.83,B
29,1594064,2021-01-01,326.23,B
30,1680178,2021-01-01,334.71,B
31,1831208,2021-01-01,335.68,B
32,1671584,2021-01-01,792.16,B
33,1760434,2021-01-01,632.71,B
34,1629727,2021-01-01,42.1,B
35,1664421,2021-01-01,1027.55,B
36,1820372,2021-01-01,151.94,B
37,1502819,2021-01-01,206.56,B
38,1975038,2021-01-01,446.84,B
39,1973881,2021-01-01,263.02,B
40,1978928,2021-01-01,213.7,B
41,1687015,2021-01-01,195.61,B
42,1538235,2021-01-01,646.35,B
43,1392379,2021-01-01,423.86,B
44,1485888,2021-01-01,345.87,B
45,1220975,2021-01-01,611.44,B
46,1069119,2021-01-01,115.82,B
47,1926204,2021-01-01,890.37,B
48,1194605,2021-01-01,152.62,B
49,1783941,2021-01-01,562.65,B
50,1103380,2021-01-01,298.35,B
51,1311763,2021-01-01,260.39,B
52,1776808,2021-01-01,349.89,B
53,1985177,2021-01-01,1226.61,B
54,1008228,2021-01-02,424.41,A
55,1425446,2021-01-02,333.05,A
56,1327182,2021-01-02,605.69,A
57,1709755,2021-01-02,719.66,A
58,1082098,2021-01-02,248.91,A
59,1564575,2021-01-02,1239.58,A
60,1133401,2021-01-02,1776.39,A
61,1713454,2021-01-02,204.38,A
62,1756436,2021-01-02,12.88,A
63,1948382,2021-01-02,744.96,A
64,1676382,2021-01-02,333.04,A
65,1211936,2021-01-02,195.22,A
66,1185379,2021-01-02,528.68,A
67,1298080,2021-01-02,868.39,A
68,1915763,2021-01-02,538.53,A
69,1507044,2021-01-02,568.0,A
70,1584166,2021-01-02,785.19,A
71,1990068,2021-01-02,338.55,A
72,1334653,2021-01-02,746.94,A
73,1253026,2021-01-02,769.51,A
74,1750917,2021-01-02,702.39,A
75,1828365,2021-01-02,142.84,A
76,1417049,2021-01-02,170.75,A
77,1618370,2021-01-02,214.7,B
78,1069341,2021-01-02,281.02,B
79,1158419,2021-01-02,1060.7,B
80,1267878,2021-01-02,313.89,B
81,1071909,2021-01-02,436.79,B
82,1228812,2021-01-02,336.0,B
83,1081018,2021-01-02,1196.85,B
84,1118826,2021-01-02,400.53,B
85,1122200,2021-01-02,810.88,B
86,1292331,2021-01-02,927.39,B
87,1123371,2021-01-02,230.14,B
88,1391915,2021-01-02,226.01,B
89,1621346,2021-01-02,1147.24,B
90,1481078,2021-01-02,2133.61,B
91,1375646,2021-01-02,426.5,B
92,1019435,2021-01-02,647.38,B
93,1943108,2021-01-02,112.44,B
94,1303737,2021-01-02,962.51,B
95,1313509,2021-01-02,257.69,B
96,1285082,2021-01-02,285.18,B
97,1273481,2021-01-02,81.24,B
98,1124677,2021-01-02,56.6,B
99,1438781,2021-01-02,457.29,B
100,1953966,2021-01-02,360.18,B
101,1496128,2021-01-02,131.78,B
102,1129330,2021-01-02,582.01,B
103,1368351,2021-01-02,630.2,B
104,1651199,2021-01-02,67.22,B
105,1242692,2021-01-02,389.58,B
106,1939678,2021-01-02,228.93,B
107,1545605,2021-01-02,205.04,B
108,1619820,2021-01-02,566.52,B
109,1689449,2021-01-02,160.56,B
110,1367702,2021-01-02,119.2,B
111,1337718,2021-01-02,54.32,B
112,1758414,2021-01-02,1404.12,B
113,1760615,2021-01-02,164.66,B
114,1204087,2021-01-02,98.71,B
115,1676163,2021-01-02,302.36,B
116,1718004,2021-01-02,940.6,B
117,1032346,2021-01-02,615.43,B
118,1494832,2021-01-02,971.01,B
119,1958667,2021-01-02,91.65,B
120,1993608,2021-01-03,526.44,A
121,1886524,2021-01-03,1493.44,A
122,1774026,2021-01-03,114.54,A
123,1551072,2021-01-03,802.18,A
124,1418178,2021-01-03,352.55,A
125,1722905,2021-01-03,273.17,A
126,1364854,2021-01-03,1481.9,A
127,1902296,2021-01-03,443.84,A
128,1891611,2021-01-03,1559.64,A
129,1360351,2021-01-03,83.83,A
130,1005092,2021-01-03,1580.27,A
131,1265282,2021-01-03,1014.12,A
132,1216489,2021-01-03,323.94,A
133,1582614,2021-01-03,322.11,A
134,1474623,2021-01-03,1262.45,A
135,1297741,2021-01-03,350.23,A
136,1669429,2021-01-03,1819.99,A
137,1645228,2021-01-03,188.82,A
138,1859235,2021-01-03,394.23,A
139,1932427,2021-01-03,1293.64,A
140,1610862,2021-01-03,652.7,A
141,1868465,2021-01-03,1093.37,A
142,1684485,2021-01-03,562.35,A
143,1184416,2021-01-03,683.85,A
144,1208856,2021-01-03,567.44,A
145,1955958,2021-01-03,1235.39,A
146,1337125,2021-01-03,427.77,A
147,1199976,2021-01-03,861.11,A
148,1382648,2021-01-03,98.62,B
149,1362729,2021-01-03,677.64,B
150,1616028,2021-01-03,287.44,B
151,1825172,2021-01-03,767.19,B
152,1484193,2021-01-03,357.56,B
153,1473100,2021-01-03,735.52,B
154,1805771,2021-01-03,737.8,B
155,1143815,2021-01-03,113.75,B
156,1879221,2021-01-03,488.39,B
157,1863832,2021-01-03,685.18,B
158,1900570,2021-01-03,784.68,B
159,1684520,2021-01-03,482.12,B
160,1661773,2021-01-03,357.86,B
161,1304909,2021-01-03,54.06,B
162,1713852,2021-01-03,458.96,B
163,1149516,2021-01-03,584.84,B
164,1806748,2021-01-03,126.58,B
165,1171189,2021-01-03,367.19,B
166,1384647,2021-01-03,902.55,B
167,1382961,2021-01-03,147.67,B
168,1466026,2021-01-03,235.11,B
169,1653363,2021-01-03,699.43,B
170,1064035,2021-01-03,345.27,B
171,1929203,2021-01-03,361.17,B
172,1494014,2021-01-03,323.58,B
173,1772057,2021-01-03,388.95,B
174,1553649,2021-01-03,324.65,B
175,1984429,2021-01-03,233.53,B
176,1655438,2021-01-03,451.78,B
177,1370164,2021-01-03,296.29,B
178,1924368,2021-01-03,2312.52,B
179,1855713,2021-01-03,217.42,B
180,1894862,2021-01-03,612.88,B
181,1327505,2021-01-03,882.71,B
182,1937827,2021-01-03,556.87,B
183,1960981,2021-01-03,69.8,B
184,1790297,2021-01-03,604.52,B
185,1552058,2021-01-03,930.72,B
186,1730433,2021-01-03,226.18,B
187,1802743,2021-01-03,1261.24,B
188,1453193,2021-01-03,304.0,B
189,1962394,2021-01-03,260.75,B
190,1487507,2021-01-03,555.65,B
191,1275609,2021-01-03,62.36,B
192,1908923,2021-01-03,594.32,B
193,1102180,2021-01-03,459.16,B
194,1677765,2021-01-03,642.1,B
195,1484837,2021-01-04,769.66,A
196,1661781,2021-01-04,366.81,A
197,1171527,2021-01-04,715.15,A
198,1382091,2021-01-04,264.96,A
199,1690986,2021-01-04,1029.77,A
200,1837352,2021-01-04,194.6,A
201,1012821,2021-01-04,609.9,A
202,1654179,2021-01-04,389.93,A
203,1634143,2021-01-04,207.79,A
204,1652807,2021-01-04,501.49,A
205,1019924,2021-01-04,306.08,A
206,1914406,2021-01-04,399.27,A
207,1848558,2021-01-04,466.08,A
208,1162581,2021-01-04,1110.83,A
209,1188807,2021-01-04,480.69,A
210,1458706,2021-01-04,817.68,A
211,1472001,2021-01-04,190.7,A
212,1556626,2021-01-04,721.41,A
213,1669925,2021-01-04,133.82,A
214,1888320,2021-01-04,670.67,A
215,1449798,2021-01-04,857.27,A
216,1996767,2021-01-04,1097.41,A
217,1802548,2021-01-04,863.82,A
218,1064275,2021-01-04,2026.58,A
219,1959402,2021-01-04,451.57,A
220,1525306,2021-01-04,381.56,A
221,1709051,2021-01-04,201.51,A
222,1287568,2021-01-04,271.8,A
223,1642485,2021-01-04,321.03,B
224,1337463,2021-01-04,1325.21,B
225,1656443,2021-01-04,1012.01,B
226,1937231,2021-01-04,44.68,B
227,1887875,2021-01-04,927.69,B
228,1226251,2021-01-04,715.89,B
229,1905842,2021-01-04,230.32,B
230,1054311,2021-01-04,444.46,B
231,1324063,2021-01-04,475.38,B
232,1213389,2021-01-04,591.58,B
233,1900156,2021-01-04,144.62,B
234,1953685,2021-01-04,107.21,B
235,1182956,2021-01-04,17.11,B
236,1238029,2021-01-04,1398.59,B
237,1195616,2021-01-04,259.94,B
238,1132219,2021-01-04,241.8,B
239,1278920,2021-01-04,258.32,B
240,1785739,2021-01-04,83.06,B
241,1059592,2021-01-04,560.11,B
242,1440430,2021-01-04,106.29,B
243,1126219,2021-01-04,169.22,B
244,1146713,2021-01-04,305.1,B
245,1529174,2021-01-04,551.17,B
246,1111579,2021-01-04,905.04,B
247,1788508,2021-01-04,798.25,B
248,1966663,2021-01-04,304.71,B
249,1983735,2021-01-04,874.83,B
250,1793804,2021-01-04,1105.36,B
251,1235496,2021-01-04,520.5,B
252,1018516,2021-01-04,447.35,B
253,1138135,2021-01-04,617.31,B
254,1668611,2021-01-04,987.19,B
255,1021308,2021-01-04,512.78,B
256,1844262,2021-01-04,568.83,B
257,1726706,2021-01-04,571.48,B
258,1287496,2021-01-04,270.79,B
259,1444210,2021-01-04,544.33,B
260,1086537,2021-01-05,61.43,A
261,1145576,2021-01-05,272.58,A
262,1688841,2021-01-05,577.95,A
263,1988893,2021-01-05,555.74,A
264,1162985,2021-01-05,403.92,A
265,1703711,2021-01-05,102.83,A
266,1021973,2021-01-05,558.55,A
267,1028263,2021-01-05,27.06,A
268,1998598,2021-01-05,606.6,A
269,1955468,2021-01-05,1215.01,A
270,1483902,2021-01-05,277.83,A
271,1514147,2021-01-05,407.71,A
272,1013271,2021-01-05,99.46,A
273,1495353,2021-01-05,575.75,A
274,1629675,2021-01-05,600.39,A
275,1014040,2021-01-05,114.8,A
276,1948646,2021-01-05,422.11,A
277,1296992,2021-01-05,377.82,A
278,1670104,2021-01-05,255.16,A
279,1354407,2021-01-05,314.09,A
280,1398337,2021-01-05,766.59,A
281,1066923,2021-01-05,34.68,A
282,1419040,2021-01-05,701.13,A
283,1764986,2021-01-05,340.61,A
284,1225657,2021-01-05,199.62,A
285,1885238,2021-01-05,240.01,A
286,1175954,2021-01-05,924.66,A
287,1874848,2021-01-05,130.88,A
288,1069021,2021-01-05,1224.69,A
289,1429971,2021-01-05,424.94,A
290,1959604,2021-01-05,130.84,A
291,1351605,2021-01-05,359.35,A
292,1075801,2021-01-05,120.92,A
293,1065917,2021-01-05,507.04,B
294,1260486,2021-01-05,161.1,B
295,1230144,2021-01-05,1808.46,B
296,1081201,2021-01-05,1376.73,B
297,1783390,2021-01-05,466.04,B
298,1925832,2021-01-05,118.17,B
299,1144177,2021-01-05,630.78,B
300,1822136,2021-01-05,241.2,B
301,1110458,2021-01-05,317.03,B
302,1725730,2021-01-05,215.99,B
303,1580811,2021-01-05,170.09,B
304,1331464,2021-01-05,419.59,B
305,1088427,2021-01-05,374.75,B
306,1592032,2021-01-05,877.83,B
307,1246988,2021-01-05,528.1,B
308,1185473,2021-01-05,197.45,B
309,1311001,2021-01-05,777.11,B
310,1795633,2021-01-05,240.55,B
311,1051167,2021-01-05,332.67,B
312,1372029,2021-01-05,482.98,B
313,1654009,2021-01-05,225.56,B
314,1833846,2021-01-05,931.16,B
315,1545407,2021-01-05,334.38,B
316,1472369,2021-01-05,109.81,B
317,1706113,2021-01-05,95.73,B
318,1434814,2021-01-05,149.15,B
319,1116509,2021-01-05,386.95,B
320,1366123,2021-01-05,225.64,B
321,1699865,2021-01-05,534.97,B
322,1951647,2021-01-05,142.36,B
323,1219072,2021-01-05,678.32,B
324,1016924,2021-01-05,599.56,B
325,1364760,2021-01-05,799.13,B
326,1847036,2021-01-06,151.76,A
327,1614718,2021-01-06,334.36,A
328,1382072,2021-01-06,947.2,A
329,1766268,2021-01-06,491.14,A
330,1413946,2021-01-06,384.62,A
331,1044342,2021-01-06,365.74,A
332,1836761,2021-01-06,712.86,A
333,1816510,2021-01-06,329.5,A
334,1450166,2021-01-06,825.69,A
335,1729585,2021-01-06,768.52,A
336,1358700,2021-01-06,178.19,A
337,1543929,2021-01-06,935.26,A
338,1996090,2021-01-06,543.12,A
339,1796335,2021-01-06,86.51,A
340,1302739,2021-01-06,109.13,A
341,1368832,2021-01-06,44.05,A
342,1543544,2021-01-06,694.61,A
343,1524177,2021-01-06,625.03,A
344,1879709,2021-01-06,385.55,A
345,1691942,2021-01-06,165.73,A
346,1429284,2021-01-06,188.36,A
347,1883794,2021-01-06,347.66,A
348,1646235,2021-01-06,997.22,A
349,1706021,2021-01-06,67.5,B
350,1767335,2021-01-06,1294.15,B
351,1019753,2021-01-06,454.26,B
352,1171414,2021-01-06,72.47,B
353,1822677,2021-01-06,120.29,B
354,1826997,2021-01-06,104.02,B
355,1613186,2021-01-06,873.62,B
356,1225347,2021-01-06,289.38,B
357,1831386,2021-01-06,762.74,B
358,1174439,2021-01-06,123.29,B
359,1021739,2021-01-06,556.32,B
360,1508264,2021-01-06,453.71,B
361,1933771,2021-01-06,112.76,B
362,1292283,2021-01-06,372.34,B
363,1066759,2021-01-06,210.91,B
364,1971270,2021-01-06,138.81,B
365,1270493,2021-01-06,1056.74,B
366,1747820,2021-01-06,193.79,B
367,1767668,2021-01-06,306.1,B
368,1350907,2021-01-06,442.63,B
369,1250043,2021-01-06,61.53,B
370,1493444,2021-01-06,408.68,B
371,1293463,2021-01-06,91.62,B
372,1525227,2021-01-06,1042.19,B
373,1520824,2021-01-06,1109.52,B
374,1448696,2021-01-06,956.73,B
375,1578969,2021-01-06,233.52,B
376,1964617,2021-01-06,853.46,B
377,1446735,2021-01-06,166.75,B
378,1687118,2021-01-06,359.08,B
379,1649902,2021-01-06,208.18,B
380,1760049,2021-01-06,160.12,B
381,1642580,2021-01-06,471.63,B
382,1216865,2021-01-06,440.12,B
383,1988423,2021-01-06,741.28,B
384,1727044,2021-01-06,57.95,B
385,1483982,2021-01-06,594.91,B
386,1209250,2021-01-07,322.3,A
387,1938355,2021-01-07,217.46,A
388,1866463,2021-01-07,1315.18,A
389,1332082,2021-01-07,342.84,A
390,1236774,2021-01-07,270.49,A
391,1889007,2021-01-07,496.79,A
392,1811968,2021-01-07,363.25,A
393,1301893,2021-01-07,1061.13,A
394,1916287,2021-01-07,55.92,A
395,1986811,2021-01-07,132.08,A
396,1721626,2021-01-07,1546.24,A
397,1407282,2021-01-07,271.91,A
398,1375954,2021-01-07,443.64,A
399,1833270,2021-01-07,103.2,A
400,1018259,2021-01-07,340.8,A
401,1704168,2021-01-07,334.78,A
402,1720328,2021-01-07,414.1,A
403,1149526,2021-01-07,316.46,A
404,1861143,2021-01-07,988.33,A
405,1003031,2021-01-07,185.99,A
406,1294907,2021-01-07,666.13,A
407,1208562,2021-01-07,120.36,A
408,1174367,2021-01-07,826.41,A
409,1788255,2021-01-07,555.99,A
410,1094636,2021-01-07,618.99,A
411,1897779,2021-01-07,1066.56,A
412,1537307,2021-01-07,693.5,A
413,1844476,2021-01-07,594.51,A
414,1523736,2021-01-07,586.53,A
415,1627430,2021-01-07,566.53,A
416,1530611,2021-01-07,2029.26,A
417,1343230,2021-01-07,1017.46,B
418,1063358,2021-01-07,171.22,B
419,1948013,2021-01-07,1019.64,B
420,1726778,2021-01-07,950.44,B
421,1671531,2021-01-07,388.05,B
422,1566402,2021-01-07,972.19,B
423,1416823,2021-01-07,162.52,B
424,1497515,2021-01-07,822.74,B
425,1092562,2021-01-07,241.99,B
426,1818004,2021-01-07,934.9,B
427,1287444,2021-01-07,89.56,B
428,1705459,2021-01-07,602.4,B
429,1450749,2021-01-07,51.91,B
430,1614685,2021-01-07,578.17,B
431,1319385,2021-01-07,262.95,B
432,1974006,2021-01-07,947.71,B
433,1423264,2021-01-07,203.97,B
434,1174489,2021-01-07,495.87,B
435,1119462,2021-01-07,439.78,B
436,1125911,2021-01-07,330.87,B
437,1507860,2021-01-07,359.67,B
438,1877892,2021-01-07,527.14,B
439,1415129,2021-01-07,116.85,B
440,1174377,2021-01-07,509.49,B
441,1222578,2021-01-07,96.84,B
442,1820302,2021-01-07,428.88,B
443,1072076,2021-01-07,975.28,B
444,1883418,2021-01-07,336.77,B
445,1650980,2021-01-07,567.85,B
446,1608788,2021-01-07,318.52,B
447,1041184,2021-01-07,367.09,B
448,1467575,2021-01-07,1306.89,B
449,1260798,2021-01-07,554.11,B
450,1652953,2021-01-07,641.04,B
451,1874323,2021-01-07,142.21,B
452,1714523,2021-01-07,129.94,B
453,1907211,2021-01-07,265.63,B
454,1568239,2021-01-08,710.57,A
455,1975407,2021-01-08,652.89,A
456,1168632,2021-01-08,153.64,A
457,1558718,2021-01-08,296.9,A
458,1751640,2021-01-08,175.32,A
459,1793659,2021-01-08,382.16,A
460,1139762,2021-01-08,1479.71,A
461,1469583,2021-01-08,312.32,A
462,1152890,2021-01-08,313.96,A
463,1447989,2021-01-08,382.57,A
464,1301636,2021-01-08,311.71,A
465,1748171,2021-01-08,278.6,A
466,1549211,2021-01-08,1242.44,A
467,1491532,2021-01-08,596.91,A
468,1508333,2021-01-08,128.72,A
469,1216778,2021-01-08,311.57,A
470,1738052,2021-01-08,189.87,A
471,1535808,2021-01-08,459.28,A
472,1453021,2021-01-08,697.92,A
473,1018902,2021-01-08,645.77,A
474,1571924,2021-01-08,226.92,A
475,1912329,2021-01-08,1227.07,A
476,1185003,2021-01-08,1727.78,A
477,1439188,2021-01-08,656.32,A
478,1028699,2021-01-08,493.11,A
479,1922844,2021-01-08,483.88,A
480,1677221,2021-01-08,414.88,A
481,1627912,2021-01-08,574.05,A
482,1400798,2021-01-08,243.59,A
483,1988374,2021-01-08,211.14,A
484,1368714,2021-01-08,138.9,A
485,1902280,2021-01-08,1428.52,A
486,1480016,2021-01-08,667.99,B
487,1922103,2021-01-08,357.83,B
488,1720027,2021-01-08,449.16,B
489,1561404,2021-01-08,595.64,B
490,1000140,2021-01-08,963.43,B
491,1340706,2021-01-08,221.27,B
492,1784323,2021-01-08,387.4,B
493,1086283,2021-01-08,218.36,B
494,1031343,2021-01-08,738.06,B
495,1861612,2021-01-08,301.51,B
496,1974383,2021-01-08,129.44,B
497,1526492,2021-01-08,1314.0,B
498,1618224,2021-01-08,128.23,B
499,1572651,2021-01-08,1193.9,B
500,1456150,2021-01-08,161.59,B
501,1813660,2021-01-08,157.86,B
502,1550554,2021-01-08,292.09,B
503,1479999,2021-01-08,410.1,B
504,1159117,2021-01-08,101.53,B
505,1182756,2021-01-08,1732.58,B
506,1186928,2021-01-08,817.1,B
507,1873000,2021-01-08,453.45,B
508,1947834,2021-01-08,196.52,B
509,1888298,2021-01-08,62.55,B
510,1438828,2021-01-08,652.73,B
511,1658902,2021-01-08,121.11,B
512,1513969,2021-01-08,369.72,B
513,1787620,2021-01-08,357.26,B
514,1421413,2021-01-08,319.66,B
515,1568311,2021-01-08,569.66,B
516,1699714,2021-01-08,1042.17,B
517,1124990,2021-01-08,368.5,B
518,1586737,2021-01-08,772.93,B
519,1482172,2021-01-08,273.32,B
520,1351490,2021-01-08,427.74,B
521,1407513,2021-01-08,727.47,B
522,1699889,2021-01-08,469.52,B
523,1940790,2021-01-08,792.2,B
524,1543389,2021-01-09,518.06,A
525,1344988,2021-01-09,159.02,A
526,1833260,2021-01-09,297.08,A
527,1835953,2021-01-09,291.39,A
528,1947051,2021-01-09,199.99,A
529,1675344,2021-01-09,632.87,A
530,1818644,2021-01-09,371.69,A
531,1759258,2021-01-09,276.34,A
532,1816250,2021-01-09,553.36,A
533,1668927,2021-01-09,69.53,A
534,1993129,2021-01-09,1045.42,A
535,1015610,2021-01-09,460.42,A
536,1200245,2021-01-09,871.14,A
537,1444209,2021-01-09,243.59,A
538,1587858,2021-01-09,91.27,A
539,1705731,2021-01-09,173.13,A
540,1007853,2021-01-09,499.01,A
541,1548272,2021-01-09,90.68,A
542,1573253,2021-01-09,169.41,A
543,1018489,2021-01-09,365.23,A
544,1892774,2021-01-09,1079.14,A
545,1932472,2021-01-09,1230.17,A
546,1137165,2021-01-09,427.27,A
547,1826824,2021-01-09,266.45,A
548,1477079,2021-01-09,219.53,A
549,1687272,2021-01-09,99.75,A
550,1501440,2021-01-09,760.8,A
551,1436930,2021-01-09,730.93,A
552,1461416,2021-01-09,368.95,A
553,1457076,2021-01-09,136.29,A
554,1683658,2021-01-09,156.88,A
555,1318048,2021-01-09,1331.89,B
556,1651258,2021-01-09,1080.23,B
557,1896723,2021-01-09,383.3,B
558,1940037,2021-01-09,578.65,B
559,1509759,2021-01-09,830.28,B
560,1519931,2021-01-09,515.37,B
561,1317289,2021-01-09,160.57,B
562,1270201,2021-01-09,510.06,B
563,1523714,2021-01-09,65.36,B
564,1045930,2021-01-09,231.12,B
565,1530727,2021-01-09,760.66,B
566,1715520,2021-01-09,770.74,B
567,1319413,2021-01-09,747.42,B
568,1771864,2021-01-09,1372.9,B
569,1792771,2021-01-09,488.17,B
570,1256292,2021-01-09,829.23,B
571,1343834,2021-01-09,340.64,B
572,1443131,2021-01-09,249.23,B
573,1574915,2021-01-09,145.36,B
574,1535945,2021-01-09,1023.07,B
575,1986641,2021-01-09,361.48,B
576,1799127,2021-01-09,585.21,B
577,1752215,2021-01-09,616.64,B
578,1284091,2021-01-09,404.97,B
579,1746427,2021-01-09,318.71,B
580,1946140,2021-01-09,459.08,B
581,1233164,2021-01-09,310.74,B
582,1772284,2021-01-09,452.82,B
583,1449569,2021-01-09,269.31,B
584,1492524,2021-01-09,860.46,B
585,1427061,2021-01-09,548.29,B
586,1521610,2021-01-09,934.67,B
587,1028457,2021-01-09,113.5,B
588,1017660,2021-01-09,337.34,B
589,1455513,2021-01-09,270.49,B
590,1047297,2021-01-09,96.48,B
591,1217423,2021-01-09,401.78,B
592,1525891,2021-01-10,281.22,A
593,1915033,2021-01-10,257.83,A
594,1717714,2021-01-10,65.25,A
595,1454509,2021-01-10,1182.68,A
596,1278892,2021-01-10,432.05,A
597,1070010,2021-01-10,408.1,A
598,1325372,2021-01-10,129.91,A
599,1025272,2021-01-10,583.64,A
600,1939974,2021-01-10,74.24,A
601,1109616,2021-01-10,351.22,A
602,1356460,2021-01-10,158.62,A
603,1224150,2021-01-10,840.77,A
604,1616442,2021-01-10,140.03,A
605,1433030,2021-01-10,232.0,A
606,1859630,2021-01-10,473.94,A
607,1066166,2021-01-10,202.85,A
608,1971545,2021-01-10,777.18,A
609,1413135,2021-01-10,203.92,A
610,1989066,2021-01-10,404.56,A
611,1462091,2021-01-10,263.84,A
612,1185519,2021-01-10,416.94,A
613,1170902,2021-01-10,167.34,A
614,1100087,2021-01-10,297.57,A
615,1083907,2021-01-10,273.46,A
616,1953838,2021-01-10,519.91,B
617,1572998,2021-01-10,568.0,B
618,1128751,2021-01-10,817.78,B
619,1699784,2021-01-10,216.73,B
620,1519252,2021-01-10,481.13,B
621,1535130,2021-01-10,688.68,B
622,1208909,2021-01-10,1014.26,B
623,1815373,2021-01-10,428.55,B
624,1548967,2021-01-10,275.12,B
625,1541905,2021-01-10,578.54,B
626,1041921,2021-01-10,627.22,B
627,1475137,2021-01-10,927.89,B
628,1798098,2021-01-10,655.94,B
629,1198865,2021-01-10,1084.59,B
630,1089183,2021-01-10,834.42,B
631,1545136,2021-01-10,535.55,B
632,1987116,2021-01-10,387.84,B
633,1891716,2021-01-10,331.57,B
634,1138380,2021-01-10,1335.32,B
635,1439348,2021-01-10,535.88,B
636,1119139,2021-01-10,283.27,B
637,1683561,2021-01-10,282.41,B
638,1469951,2021-01-10,651.05,B
639,1493909,2021-01-10,1018.73,B
640,1812591,2021-01-10,565.55,B
641,1344671,2021-01-10,909.06,B
642,1860681,2021-01-10,363.39,B
643,1028368,2021-01-10,142.87,B
644,1445956,2021-01-10,890.37,B
645,1116009,2021-01-10,1041.14,B
646,1449401,2021-01-10,1472.99,B
647,1418632,2021-01-10,795.28,B
648,1869215,2021-01-10,76.29,B
649,1812897,2021-01-10,976.07,B
650,1572526,2021-01-11,250.04,A
651,1055130,2021-01-11,406.31,A
652,1559990,2021-01-11,763.5,A
653,1927652,2021-01-11,697.45,A
654,1583016,2021-01-11,554.8,A
655,1152617,2021-01-11,337.75,A
656,1847159,2021-01-11,452.43,A
657,1492586,2021-01-11,1336.4,A
658,1442356,2021-01-11,602.3,A
659,1216309,2021-01-11,209.92,A
660,1514623,2021-01-11,101.95,A
661,1921321,2021-01-11,155.66,A
662,1923627,2021-01-11,277.75,A
663,1152760,2021-01-11,674.13,A
664,1609184,2021-01-11,182.38,A
665,1669328,2021-01-11,542.36,A
666,1599351,2021-01-11,827.28,A
667,1897236,2021-01-11,276.65,A
668,1833317,2021-01-11,221.72,A
669,1639537,2021-01-11,542.28,A
670,1940265,2021-01-11,751.34,A
671,1116791,2021-01-11,101.6,A
672,1015949,2021-01-11,1302.83,A
673,1899275,2021-01-11,662.5,A
674,1047789,2021-01-11,1180.88,A
675,1402633,2021-01-11,242.88,A
676,1555689,2021-01-11,1004.31,A
677,1626177,2021-01-11,502.05,A
678,1079594,2021-01-11,158.51,A
679,1415727,2021-01-11,273.21,A
680,1014599,2021-01-11,1049.62,A
681,1927173,2021-01-11,1358.58,A
682,1803826,2021-01-11,749.51,A
683,1326661,2021-01-11,249.91,B
684,1142482,2021-01-11,1637.65,B
685,1015868,2021-01-11,398.06,B
686,1203941,2021-01-11,889.62,B
687,1985097,2021-01-11,647.62,B
688,1277467,2021-01-11,746.18,B
689,1688225,2021-01-11,187.44,B
690,1727767,2021-01-11,118.29,B
691,1006238,2021-01-11,294.43,B
692,1232917,2021-01-11,528.24,B
693,1242879,2021-01-11,425.71,B
694,1727062,2021-01-11,233.65,B
695,1525802,2021-01-11,1510.58,B
696,1617760,2021-01-11,1093.4,B
697,1570721,2021-01-11,81.97,B
698,1305573,2021-01-11,726.78,B
699,1065140,2021-01-11,315.2,B
700,1079912,2021-01-11,475.56,B
701,1366014,2021-01-11,598.64,B
702,1920618,2021-01-11,99.98,B
703,1761585,2021-01-11,191.67,B
704,1240175,2021-01-11,441.33,B
705,1272508,2021-01-11,362.82,B
706,1789706,2021-01-11,412.84,B
707,1689257,2021-01-11,954.23,B
708,1941031,2021-01-11,1097.21,B
709,1988060,2021-01-11,559.13,B
710,1095664,2021-01-11,257.98,B
711,1093522,2021-01-11,322.14,B
712,1157727,2021-01-11,667.04,B
713,1268346,2021-01-11,116.44,B
714,1228475,2021-01-11,788.4,B
715,1155343,2021-01-11,93.47,B
716,1891100,2021-01-11,406.1,B
717,1888261,2021-01-11,12.73,B
718,1027898,2021-01-11,850.45,B
719,1481699,2021-01-11,716.22,B
720,1685336,2021-01-11,133.07,B
721,1629545,2021-01-11,508.76,B
722,1520739,2021-01-11,1052.53,B
723,1821588,2021-01-11,358.79,B
724,1684046,2021-01-11,141.44,B
725,1125939,2021-01-11,189.75,B
726,1279106,2021-01-11,848.59,B
727,1842504,2021-01-11,1203.91,B
728,1981548,2021-01-11,262.38,B
729,1126467,2021-01-11,454.13,B
730,1537699,2021-01-11,363.59,B
731,1145875,2021-01-11,406.98,B
732,1167143,2021-01-11,1025.14,B
733,1402324,2021-01-11,136.29,B
734,1674416,2021-01-11,175.27,B
735,1939165,2021-01-12,758.4,A
736,1092997,2021-01-12,951.61,A
737,1195167,2021-01-12,269.77,A
738,1735626,2021-01-12,412.51,A
739,1893459,2021-01-12,713.17,A
740,1339975,2021-01-12,561.34,A
741,1202889,2021-01-12,861.34,A
742,1825136,2021-01-12,1135.57,A
743,1073598,2021-01-12,410.37,A
744,1040508,2021-01-12,673.3,A
745,1325299,2021-01-12,644.6,A
746,1312202,2021-01-12,663.65,A
747,1717510,2021-01-12,875.24,A
748,1949136,2021-01-12,542.08,A
749,1413473,2021-01-12,163.76,A
750,1391337,2021-01-12,254.28,A
751,1278594,2021-01-12,1057.74,A
752,1169501,2021-01-12,740.91,A
753,1493718,2021-01-12,1022.37,A
754,1921655,2021-01-12,930.35,A
755,1811618,2021-01-12,435.29,A
756,1769917,2021-01-12,194.39,A
757,1042574,2021-01-12,634.0,A
758,1196260,2021-01-12,354.52,A
759,1217256,2021-01-12,400.05,A
760,1970103,2021-01-12,154.81,A
761,1583934,2021-01-12,392.96,A
762,1248821,2021-01-12,191.59,A
763,1209447,2021-01-12,1288.68,A
764,1525875,2021-01-12,154.04,A
765,1454947,2021-01-12,851.09,A
766,1677534,2021-01-12,1173.77,A
767,1977880,2021-01-12,142.07,A
768,1583982,2021-01-12,203.95,A
769,1627420,2021-01-12,1223.44,A
770,1516740,2021-01-12,406.69,A
771,1088206,2021-01-12,800.89,A
772,1160172,2021-01-12,378.97,B
773,1159683,2021-01-12,367.92,B
774,1027065,2021-01-12,470.77,B
775,1449918,2021-01-12,395.48,B
776,1523439,2021-01-12,1518.36,B
777,1775514,2021-01-12,867.37,B
778,1328657,2021-01-12,596.88,B
779,1260516,2021-01-12,1164.76,B
780,1527421,2021-01-12,136.59,B
781,1275093,2021-01-12,283.31,B
782,1616934,2021-01-12,712.14,B
783,1814221,2021-01-12,121.66,B
784,1941214,2021-01-12,476.48,B
785,1651494,2021-01-12,969.22,B
786,1013890,2021-01-12,738.25,B
787,1707201,2021-01-12,65.67,B
788,1043019,2021-01-12,455.29,B
789,1799164,2021-01-12,468.05,B
790,1555803,2021-01-12,433.55,B
791,1021770,2021-01-12,419.61,B
792,1008076,2021-01-12,280.3,B
793,1006826,2021-01-12,116.09,B
794,1679033,2021-01-12,261.19,B
795,1967005,2021-01-12,483.73,B
796,1478794,2021-01-12,1915.15,B
797,1976822,2021-01-12,797.43,B
798,1787609,2021-01-12,453.24,B
799,1235552,2021-01-12,217.68,B
800,1550734,2021-01-12,263.54,B
801,1990332,2021-01-12,854.9,B
802,1692459,2021-01-12,955.38,B
803,1276525,2021-01-12,171.93,B
804,1415115,2021-01-12,223.58,B
805,1561415,2021-01-12,963.86,B
806,1417323,2021-01-12,858.99,B
807,1886480,2021-01-12,712.35,B
808,1679819,2021-01-12,242.85,B
809,1381276,2021-01-12,1135.38,B
810,1409468,2021-01-12,204.94,B
811,1724815,2021-01-13,326.08,A
812,1092137,2021-01-13,233.99,A
813,1585452,2021-01-13,1347.03,A
814,1756362,2021-01-13,270.95,A
815,1678715,2021-01-13,333.82,A
816,1341430,2021-01-13,548.72,A
817,1309767,2021-01-13,217.18,A
818,1883249,2021-01-13,204.46,A
819,1346617,2021-01-13,158.12,A
820,1984178,2021-01-13,91.81,A
821,1141570,2021-01-13,183.21,A
822,1748933,2021-01-13,231.99,A
823,1803451,2021-01-13,626.89,A
824,1389029,2021-01-13,289.87,A
825,1001236,2021-01-13,1369.2,A
826,1237067,2021-01-13,675.78,A
827,1246490,2021-01-13,284.59,A
828,1588611,2021-01-13,1289.66,A
829,1320597,2021-01-13,1297.08,A
830,1939376,2021-01-13,552.05,A
831,1361595,2021-01-13,632.48,A
832,1398526,2021-01-13,193.65,A
833,1498514,2021-01-13,690.08,A
834,1678660,2021-01-13,642.98,A
835,1268838,2021-01-13,250.73,A
836,1788699,2021-01-13,155.74,A
837,1031105,2021-01-13,455.99,A
838,1256655,2021-01-13,305.35,A
839,1463464,2021-01-13,330.34,A
840,1086406,2021-01-13,282.84,A
841,1473030,2021-01-13,207.72,B
842,1868790,2021-01-13,282.76,B
843,1857485,2021-01-13,412.26,B
844,1408267,2021-01-13,108.24,B
845,1526002,2021-01-13,575.95,B
846,1815379,2021-01-13,722.31,B
847,1032882,2021-01-13,330.45,B
848,1008321,2021-01-13,659.79,B
849,1276367,2021-01-13,640.9,B
850,1249195,2021-01-13,408.69,B
851,1980027,2021-01-13,207.66,B
852,1523703,2021-01-13,163.75,B
853,1084109,2021-01-13,346.27,B
854,1522532,2021-01-13,765.43,B
855,1018423,2021-01-13,155.86,B
856,1366574,2021-01-13,318.81,B
857,1804983,2021-01-13,507.19,B
858,1339819,2021-01-13,955.11,B
859,1097336,2021-01-13,403.61,B
860,1132201,2021-01-13,752.08,B
861,1937394,2021-01-13,779.63,B
862,1720393,2021-01-13,288.03,B
863,1615368,2021-01-13,192.67,B
864,1472490,2021-01-13,365.35,B
865,1139291,2021-01-13,246.28,B
866,1367293,2021-01-13,1750.09,B
867,1308848,2021-01-13,429.54,B
868,1759330,2021-01-13,589.18,B
869,1039215,2021-01-13,132.12,B
870,1982144,2021-01-13,639.24,B
871,1304903,2021-01-13,408.79,B
872,1687441,2021-01-13,244.54,B
873,1013436,2021-01-13,371.69,B
874,1757842,2021-01-13,994.0,B
875,1578116,2021-01-13,195.67,B
876,1358633,2021-01-13,547.74,B
877,1695003,2021-01-13,593.88,B
878,1235791,2021-01-13,297.08,B
879,1933131,2021-01-14,441.67,A
880,1260437,2021-01-14,359.73,A
881,1613142,2021-01-14,361.06,A
882,1306126,2021-01-14,178.54,A
883,1245952,2021-01-14,544.88,A
884,1644658,2021-01-14,332.82,A
885,1386283,2021-01-14,385.77,A
886,1440791,2021-01-14,307.85,A
887,1338200,2021-01-14,1323.56,A
888,1646927,2021-01-14,737.47,A
889,1512637,2021-01-14,1158.41,A
890,1515024,2021-01-14,528.83,A
891,1856422,2021-01-14,349.73,A
892,1620731,2021-01-14,518.45,A
893,1834041,2021-01-14,326.46,A
894,1658890,2021-01-14,172.21,A
895,1924700,2021-01-14,820.18,A
896,1455014,2021-01-14,507.08,A
897,1781660,2021-01-14,519.58,A
898,1369125,2021-01-14,548.24,A
899,1498760,2021-01-14,417.98,A
900,1275647,2021-01-14,206.63,A
901,1443134,2021-01-14,534.29,A
902,1729103,2021-01-14,403.38,A
903,1452348,2021-01-14,169.81,A
904,1438722,2021-01-14,71.07,A
905,1436332,2021-01-14,364.15,A
906,1271874,2021-01-14,173.46,B
907,1761824,2021-01-14,520.24,B
908,1643711,2021-01-14,584.73,B
909,1084728,2021-01-14,709.93,B
910,1161645,2021-01-14,728.9,B
911,1883829,2021-01-14,303.83,B
912,1306824,2021-01-14,1016.39,B
913,1689378,2021-01-14,322.79,B
914,1698153,2021-01-14,345.99,B
915,1094181,2021-01-14,135.56,B
916,1496715,2021-01-14,698.1,B
917,1495679,2021-01-14,491.03,B
918,1454200,2021-01-14,166.23,B
919,1048238,2021-01-14,745.19,B
920,1532529,2021-01-14,96.13,B
921,1140336,2021-01-14,551.12,B
922,1302478,2021-01-14,611.99,B
923,1004685,2021-01-14,666.27,B
924,1607493,2021-01-14,850.89,B
925,1932920,2021-01-14,139.46,B
926,1362048,2021-01-14,257.1,B
927,1000517,2021-01-14,409.32,B
928,1127778,2021-01-14,731.94,B
929,1301689,2021-01-14,1013.33,B
930,1743620,2021-01-14,89.19,B
931,1168879,2021-01-14,298.11,B
932,1367267,2021-01-14,525.76,B
933,1631817,2021-01-14,856.85,B
934,1843453,2021-01-14,377.34,B
935,1225341,2021-01-14,87.14,B
936,1679942,2021-01-14,557.64,B
937,1367185,2021-01-14,309.23,B
938,1203299,2021-01-14,450.02,B
939,1128829,2021-01-14,1646.64,B
940,1670824,2021-01-14,251.19,B
941,1727548,2021-01-14,538.62,B
942,1061739,2021-01-14,469.97,B
943,1941338,2021-01-15,396.43,A
944,1615565,2021-01-15,936.11,A
945,1754228,2021-01-15,686.87,A
946,1955166,2021-01-15,312.25,A
947,1957694,2021-01-15,154.69,A
948,1561437,2021-01-15,711.75,A
949,1655478,2021-01-15,571.57,A
950,1246484,2021-01-15,97.73,A
951,1369891,2021-01-15,1670.3,A
952,1257787,2021-01-15,186.04,A
953,1731183,2021-01-15,256.08,A
954,1204615,2021-01-15,256.08,A
955,1629484,2021-01-15,1109.98,A
956,1734643,2021-01-15,85.41,A
957,1771839,2021-01-15,64.92,A
958,1135736,2021-01-15,381.22,A
959,1711970,2021-01-15,527.96,A
960,1807622,2021-01-15,703.15,A
961,1354292,2021-01-15,316.86,A
962,1153811,2021-01-15,253.86,A
963,1152765,2021-01-15,378.12,A
964,1650090,2021-01-15,536.73,A
965,1454096,2021-01-15,382.15,A
966,1665727,2021-01-15,325.83,A
967,1046190,2021-01-15,473.67,A
968,1710864,2021-01-15,245.48,A
969,1093273,2021-01-15,1414.17,A
970,1272208,2021-01-15,132.23,A
971,1434857,2021-01-15,609.14,A
972,1132348,2021-01-15,731.72,A
973,1076115,2021-01-15,154.77,A
974,1736351,2021-01-15,1008.09,A
975,1053131,2021-01-15,349.57,A
976,1756358,2021-01-15,643.74,A
977,1338456,2021-01-15,58.19,B
978,1029627,2021-01-15,569.68,B
979,1030968,2021-01-15,1178.78,B
980,1822343,2021-01-15,288.0,B
981,1179233,2021-01-15,678.18,B
982,1939051,2021-01-15,347.5,B
983,1529393,2021-01-15,325.59,B
984,1885243,2021-01-15,257.66,B
985,1748919,2021-01-15,164.92,B
986,1262431,2021-01-15,721.74,B
987,1924503,2021-01-15,280.12,B
988,1665874,2021-01-15,33.01,B
989,1210672,2021-01-15,445.77,B
990,1711977,2021-01-15,82.73,B
991,1008312,2021-01-15,190.73,B
992,1734629,2021-01-15,706.04,B
993,1995490,2021-01-15,345.17,B
994,1892352,2021-01-15,202.83,B
995,1476110,2021-01-15,1057.0,B
996,1501751,2021-01-15,916.71,B
997,1624775,2021-01-15,639.16,B
998,1126792,2021-01-15,51.21,B
999,1729626,2021-01-15,858.8,B
1000,1255560,2021-01-15,164.08,B
1001,1121452,2021-01-15,1070.74,B
1002,1681729,2021-01-15,142.52,B
1003,1704828,2021-01-15,321.27,B
1004,1549412,2021-01-15,254.22,B
1005,1494824,2021-01-16,273.94,A
1006,1986333,2021-01-16,456.47,A
1007,1379413,2021-01-16,1460.11,A
1008,1106480,2021-01-16,1091.07,A
1009,1653262,2021-01-16,1156.09,A
1010,1785629,2021-01-16,362.43,A
1011,1220597,2021-01-16,400.46,A
1012,1214663,2021-01-16,258.25,A
1013,1609830,2021-01-16,324.22,A
1014,1663073,2021-01-16,251.65,A
1015,1506653,2021-01-16,377.46,A
1016,1507191,2021-01-16,111.55,A
1017,1937475,2021-01-16,256.69,A
1018,1987330,2021-01-16,150.74,A
1019,1705966,2021-01-16,205.77,A
1020,1811731,2021-01-16,245.96,A
1021,1157489,2021-01-16,1798.74,A
1022,1129268,2021-01-16,373.08,A
1023,1495447,2021-01-16,356.33,A
1024,1492071,2021-01-16,560.41,A
1025,1841182,2021-01-16,285.23,A
1026,1439085,2021-01-16,641.76,A
1027,1103285,2021-01-16,197.04,A
1028,1113712,2021-01-16,253.02,A
1029,1743084,2021-01-16,688.36,A
1030,1823435,2021-01-16,898.77,A
1031,1985754,2021-01-16,234.06,A
1032,1714954,2021-01-16,538.58,A
1033,1946476,2021-01-16,799.61,A
1034,1533638,2021-01-16,266.59,A
1035,1887535,2021-01-16,26.65,A
1036,1115248,2021-01-16,1106.26,A
1037,1931337,2021-01-16,1379.02,A
1038,1992244,2021-01-16,511.53,A
1039,1040644,2021-01-16,381.14,A
1040,1593485,2021-01-16,435.56,B
1041,1074242,2021-01-16,676.37,B
1042,1024511,2021-01-16,858.34,B
1043,1568999,2021-01-16,172.84,B
1044,1678085,2021-01-16,411.6,B
1045,1121689,2021-01-16,690.15,B
1046,1088889,2021-01-16,409.25,B
1047,1595631,2021-01-16,233.48,B
1048,1378878,2021-01-16,350.79,B
1049,1791238,2021-01-16,336.58,B
1050,1534866,2021-01-16,939.81,B
1051,1662268,2021-01-16,286.14,B
1052,1797918,2021-01-16,658.94,B
1053,1781871,2021-01-16,265.76,B
1054,1129883,2021-01-16,438.53,B
1055,1983524,2021-01-16,55.14,B
1056,1494744,2021-01-16,164.33,B
1057,1835808,2021-01-16,355.47,B
1058,1880696,2021-01-16,637.0,B
1059,1632902,2021-01-16,89.02,B
1060,1910334,2021-01-16,476.05,B
1061,1445906,2021-01-16,269.15,B
1062,1252382,2021-01-16,60.45,B
1063,1876596,2021-01-16,806.81,B
1064,1949466,2021-01-16,228.7,B
1065,1832928,2021-01-16,705.65,B
1066,1407881,2021-01-16,536.66,B
1067,1986558,2021-01-16,510.44,B
1068,1963566,2021-01-16,60.08,B
1069,1050822,2021-01-16,592.74,B
1070,1567573,2021-01-16,749.62,B
1071,1621270,2021-01-16,823.98,B
1072,1811909,2021-01-16,865.38,B
1073,1948178,2021-01-16,224.59,B
1074,1682816,2021-01-16,682.87,B
1075,1336298,2021-01-16,204.91,B
1076,1435824,2021-01-16,322.57,B
1077,1964689,2021-01-16,331.81,B
1078,1336272,2021-01-16,927.02,B
1079,1146369,2021-01-16,311.26,B
1080,1391931,2021-01-16,188.9,B
1081,1969257,2021-01-17,131.75,A
1082,1637208,2021-01-17,50.36,A
1083,1534111,2021-01-17,1068.64,A
1084,1588144,2021-01-17,1021.34,A
1085,1694246,2021-01-17,373.09,A
1086,1254547,2021-01-17,227.51,A
1087,1729886,2021-01-17,383.41,A
1088,1302994,2021-01-17,262.02,A
1089,1201369,2021-01-17,238.92,A
1090,1058938,2021-01-17,341.47,A
1091,1292412,2021-01-17,775.51,A
1092,1665198,2021-01-17,426.56,A
1093,1686089,2021-01-17,83.78,A
1094,1348427,2021-01-17,824.31,A
1095,1351705,2021-01-17,930.59,A
1096,1605985,2021-01-17,328.18,A
1097,1339989,2021-01-17,954.63,A
1098,1079663,2021-01-17,175.36,A
1099,1111559,2021-01-17,124.01,A
1100,1623384,2021-01-17,558.41,A
1101,1187422,2021-01-17,1030.94,A
1102,1651892,2021-01-17,741.12,A
1103,1518318,2021-01-17,502.62,A
1104,1586485,2021-01-17,709.36,A
1105,1648943,2021-01-17,468.7,A
1106,1094468,2021-01-17,475.69,A
1107,1154155,2021-01-17,717.34,B
1108,1937217,2021-01-17,444.91,B
1109,1851107,2021-01-17,464.91,B
1110,1880055,2021-01-17,321.69,B
1111,1177692,2021-01-17,181.71,B
1112,1255656,2021-01-17,512.57,B
1113,1907189,2021-01-17,339.58,B
1114,1369116,2021-01-17,865.85,B
1115,1139376,2021-01-17,731.14,B
1116,1194813,2021-01-17,336.56,B
1117,1941000,2021-01-17,425.11,B
1118,1389497,2021-01-17,263.91,B
1119,1718439,2021-01-17,200.49,B
1120,1932197,2021-01-17,646.84,B
1121,1563398,2021-01-17,773.3,B
1122,1598418,2021-01-17,1745.67,B
1123,1742466,2021-01-17,642.68,B
1124,1501126,2021-01-17,803.25,B
1125,1579479,2021-01-17,206.07,B
1126,1902224,2021-01-17,772.22,B
1127,1359307,2021-01-17,356.66,B
1128,1081655,2021-01-17,846.35,B
1129,1160132,2021-01-17,189.87,B
1130,1912546,2021-01-17,112.46,B
1131,1013447,2021-01-17,492.42,B
1132,1454297,2021-01-18,615.28,A
1133,1321040,2021-01-18,849.06,A
1134,1061333,2021-01-18,832.75,A
1135,1696081,2021-01-18,1403.84,A
1136,1880919,2021-01-18,173.16,A
1137,1493056,2021-01-18,878.74,A
1138,1824158,2021-01-18,492.59,A
1139,1778621,2021-01-18,360.05,A
1140,1274047,2021-01-18,445.17,A
1141,1889082,2021-01-18,411.05,A
1142,1765638,2021-01-18,811.73,A
1143,1281490,2021-01-18,926.81,A
1144,1130087,2021-01-18,161.07,A
1145,1383748,2021-01-18,560.92,A
1146,1874945,2021-01-18,558.31,A
1147,1133155,2021-01-18,291.41,A
1148,1427945,2021-01-18,424.01,A
1149,1105326,2021-01-18,1307.82,A
1150,1882289,2021-01-18,475.99,A
1151,1905751,2021-01-18,652.45,A
1152,1990409,2021-01-18,653.86,A
1153,1892928,2021-01-18,732.7,A
1154,1399098,2021-01-18,701.15,A
1155,1168369,2021-01-18,294.09,A
1156,1604731,2021-01-18,343.05,A
1157,1635063,2021-01-18,829.91,A
1158,1719428,2021-01-18,591.71,A
1159,1974290,2021-01-18,143.15,A
1160,1144562,2021-01-18,174.74,A
1161,1839591,2021-01-18,552.6,B
1162,1886458,2021-01-18,162.65,B
1163,1005604,2021-01-18,166.81,B
1164,1291553,2021-01-18,245.11,B
1165,1113529,2021-01-18,381.54,B
1166,1441249,2021-01-18,117.65,B
1167,1675342,2021-01-18,93.71,B
1168,1950451,2021-01-18,344.88,B
1169,1320245,2021-01-18,1599.17,B
1170,1094971,2021-01-18,355.12,B
1171,1696332,2021-01-18,718.39,B
1172,1727726,2021-01-18,145.15,B
1173,1844896,2021-01-18,302.05,B
1174,1687683,2021-01-18,349.3,B
1175,1140509,2021-01-18,427.28,B
1176,1571376,2021-01-18,170.99,B
1177,1553344,2021-01-18,134.8,B
1178,1992165,2021-01-18,337.26,B
1179,1424468,2021-01-18,881.45,B
1180,1456069,2021-01-18,36.39,B
1181,1002094,2021-01-18,397.52,B
1182,1367560,2021-01-18,110.98,B
1183,1312500,2021-01-18,215.75,B
1184,1102177,2021-01-18,827.82,B
1185,1777953,2021-01-18,110.79,B
1186,1768385,2021-01-18,371.81,B
1187,1519389,2021-01-18,184.46,B
1188,1767513,2021-01-18,641.62,B
1189,1636674,2021-01-18,845.27,B
1190,1480643,2021-01-18,421.2,B
1191,1336507,2021-01-18,62.84,B
1192,1059539,2021-01-18,737.03,B
1193,1166884,2021-01-18,356.25,B
1194,1459751,2021-01-18,139.75,B
1195,1413563,2021-01-18,350.67,B
1196,1671239,2021-01-18,524.72,B
1197,1613528,2021-01-19,1183.08,A
1198,1251554,2021-01-19,1142.43,A
1199,1266942,2021-01-19,544.85,A
1200,1885166,2021-01-19,253.17,A
1201,1866236,2021-01-19,334.58,A
1202,1097407,2021-01-19,216.56,A
1203,1900788,2021-01-19,225.33,A
1204,1476495,2021-01-19,419.89,A
1205,1230499,2021-01-19,135.14,A
1206,1144157,2021-01-19,754.34,A
1207,1023196,2021-01-19,359.2,A
1208,1013071,2021-01-19,689.22,A
1209,1218226,2021-01-19,107.98,A
1210,1432653,2021-01-19,548.71,A
1211,1910253,2021-01-19,558.91,A
1212,1162204,2021-01-19,664.54,A
1213,1414717,2021-01-19,821.43,A
1214,1265555,2021-01-19,372.14,A
1215,1602466,2021-01-19,747.76,A
1216,1460095,2021-01-19,193.86,A
1217,1380777,2021-01-19,355.64,A
1218,1361915,2021-01-19,46.77,A
1219,1257316,2021-01-19,147.52,A
1220,1837606,2021-01-19,738.54,A
1221,1062435,2021-01-19,1004.36,A
1222,1497281,2021-01-19,321.17,A
1223,1171541,2021-01-19,822.46,A
1224,1630042,2021-01-19,283.18,A
1225,1686975,2021-01-19,326.7,A
1226,1402875,2021-01-19,501.91,A
1227,1225936,2021-01-19,181.47,A
1228,1954374,2021-01-19,265.16,A
1229,1156944,2021-01-19,159.76,A
1230,1449312,2021-01-19,521.18,A
1231,1394960,2021-01-19,68.01,A
1232,1567464,2021-01-19,930.39,A
1233,1571884,2021-01-19,101.36,A
1234,1408385,2021-01-19,275.42,A
1235,1175215,2021-01-19,637.81,A
1236,1829128,2021-01-19,771.11,A
1237,1486268,2021-01-19,655.26,A
1238,1181964,2021-01-19,227.83,A
1239,1950934,2021-01-19,1254.86,A
1240,1788822,2021-01-19,509.71,A
1241,1702128,2021-01-19,1038.39,A
1242,1326822,2021-01-19,224.04,A
1243,1181513,2021-01-19,257.78,A
1244,1877713,2021-01-19,258.37,A
1245,1867768,2021-01-19,737.95,B
1246,1153892,2021-01-19,621.09,B
1247,1488063,2021-01-19,403.6,B
1248,1220076,2021-01-19,1010.4,B
1249,1161605,2021-01-19,244.98,B
1250,1513463,2021-01-19,369.17,B
1251,1073028,2021-01-19,162.73,B
1252,1064205,2021-01-19,134.7,B
1253,1691560,2021-01-19,389.53,B
1254,1181047,2021-01-19,1147.69,B
1255,1103365,2021-01-19,239.48,B
1256,1686789,2021-01-19,469.66,B
1257,1223455,2021-01-19,800.56,B
1258,1227536,2021-01-19,311.24,B
1259,1979438,2021-01-19,1108.44,B
1260,1566035,2021-01-19,450.57,B
1261,1868325,2021-01-19,386.01,B
1262,1602151,2021-01-19,998.41,B
1263,1187101,2021-01-19,398.0,B
1264,1940394,2021-01-19,724.42,B
1265,1487961,2021-01-19,47.82,B
1266,1578836,2021-01-19,346.07,B
1267,1200463,2021-01-19,66.23,B
1268,1651407,2021-01-19,1073.68,B
1269,1976763,2021-01-19,455.41,B
1270,1320672,2021-01-19,477.62,B
1271,1787520,2021-01-19,67.69,B
1272,1989536,2021-01-19,550.27,B
1273,1576743,2021-01-19,224.17,B
1274,1836628,2021-01-19,588.71,B
1275,1300417,2021-01-19,981.25,B
1276,1530759,2021-01-19,901.38,B
1277,1630338,2021-01-19,1126.01,B
1278,1323123,2021-01-19,255.65,B
1279,1942270,2021-01-19,760.87,B
1280,1865326,2021-01-19,142.65,B
1281,1084360,2021-01-19,633.78,B
1282,1582821,2021-01-20,821.4,A
1283,1529651,2021-01-20,47.39,A
1284,1303851,2021-01-20,161.16,A
1285,1711107,2021-01-20,560.36,A
1286,1427123,2021-01-20,450.02,A
1287,1928037,2021-01-20,395.05,A
1288,1950627,2021-01-20,725.84,A
1289,1830393,2021-01-20,291.75,A
1290,1788875,2021-01-20,252.54,A
1291,1726783,2021-01-20,769.87,A
1292,1110367,2021-01-20,28.45,A
1293,1117004,2021-01-20,147.99,A
1294,1352619,2021-01-20,175.44,A
1295,1798341,2021-01-20,123.75,A
1296,1316434,2021-01-20,57.93,A
1297,1286805,2021-01-20,409.88,A
1298,1534503,2021-01-20,466.66,A
1299,1321678,2021-01-20,556.45,A
1300,1353762,2021-01-20,230.59,A
1301,1124196,2021-01-20,554.32,A
1302,1884969,2021-01-20,744.97,A
1303,1497347,2021-01-20,444.9,A
1304,1041108,2021-01-20,429.97,A
1305,1926306,2021-01-20,184.77,B
1306,1340038,2021-01-20,1746.66,B
1307,1893742,2021-01-20,1343.31,B
1308,1391574,2021-01-20,355.61,B
1309,1179218,2021-01-20,648.34,B
1310,1067638,2021-01-20,944.58,B
1311,1167532,2021-01-20,363.13,B
1312,1646187,2021-01-20,1471.87,B
1313,1899417,2021-01-20,258.37,B
1314,1265798,2021-01-20,440.31,B
1315,1016834,2021-01-20,71.22,B
1316,1450759,2021-01-20,1279.39,B
1317,1192651,2021-01-20,60.02,B
1318,1214790,2021-01-20,233.98,B
1319,1069767,2021-01-20,786.79,B
1320,1138170,2021-01-20,248.98,B
1321,1290399,2021-01-20,629.24,B
1322,1623547,2021-01-20,596.89,B
1323,1838804,2021-01-20,82.13,B
1324,1957924,2021-01-20,490.83,B
1325,1016220,2021-01-20,333.81,B
1326,1655039,2021-01-20,1284.1,B
1327,1678808,2021-01-20,459.14,B
1328,1921234,2021-01-20,898.97,B
1329,1394932,2021-01-20,606.98,B
1330,1653037,2021-01-20,236.21,B
1331,1051712,2021-01-20,765.13,B
1332,1788039,2021-01-20,925.33,B
1333,1812478,2021-01-20,154.81,B
1334,1000933,2021-01-20,206.3,B
1335,1168159,2021-01-20,347.72,B
1336,1107063,2021-01-20,144.28,B
1337,1035759,2021-01-20,685.21,B
1338,1252726,2021-01-21,448.47,A
1339,1166607,2021-01-21,229.67,A
1340,1826668,2021-01-21,247.27,A
1341,1698774,2021-01-21,479.23,A
1342,1992719,2021-01-21,773.75,A
1343,1902841,2021-01-21,95.66,A
1344,1061515,2021-01-21,203.16,A
1345,1047384,2021-01-21,1463.39,A
1346,1577904,2021-01-21,481.89,A
1347,1330629,2021-01-21,380.81,A
1348,1155764,2021-01-21,74.74,A
1349,1803348,2021-01-21,440.27,A
1350,1054739,2021-01-21,218.31,A
1351,1986899,2021-01-21,329.85,A
1352,1432594,2021-01-21,522.58,A
1353,1115453,2021-01-21,204.33,A
1354,1971112,2021-01-21,91.55,A
1355,1239749,2021-01-21,526.71,A
1356,1244682,2021-01-21,492.31,A
1357,1235717,2021-01-21,233.41,A
1358,1793969,2021-01-21,581.37,A
1359,1385963,2021-01-21,446.24,A
1360,1363828,2021-01-21,400.9,A
1361,1252064,2021-01-21,1152.38,A
1362,1614353,2021-01-21,338.44,B
1363,1369202,2021-01-21,440.52,B
1364,1752045,2021-01-21,499.76,B
1365,1026526,2021-01-21,139.78,B
1366,1049435,2021-01-21,229.2,B
1367,1650039,2021-01-21,437.32,B
1368,1120721,2021-01-21,1009.55,B
1369,1088288,2021-01-21,348.8,B
1370,1492148,2021-01-21,291.53,B
1371,1038698,2021-01-21,574.13,B
1372,1020226,2021-01-21,387.02,B
1373,1938500,2021-01-21,19.43,B
1374,1303247,2021-01-21,212.73,B
1375,1924330,2021-01-21,153.01,B
1376,1213802,2021-01-21,40.03,B
1377,1108287,2021-01-21,180.06,B
1378,1814197,2021-01-21,411.13,B
1379,1749150,2021-01-21,482.04,B
1380,1217530,2021-01-21,199.59,B
1381,1633453,2021-01-21,17.37,B
1382,1611515,2021-01-21,242.85,B
1383,1391686,2021-01-21,352.28,B
1384,1632056,2021-01-21,474.62,B
1385,1849473,2021-01-21,519.31,B
1386,1459111,2021-01-21,177.36,B
1387,1198660,2021-01-21,441.8,B
1388,1826923,2021-01-21,395.33,B
1389,1342849,2021-01-21,754.9,B
1390,1463289,2021-01-21,615.21,B
1391,1408232,2021-01-21,575.18,B
1392,1418687,2021-01-21,377.61,B
1393,1056076,2021-01-21,788.79,B
1394,1715757,2021-01-21,563.86,B
1395,1889146,2021-01-21,416.45,B
1396,1370938,2021-01-21,172.66,B
1397,1048254,2021-01-21,877.15,B
1398,1037338,2021-01-21,94.31,B
1399,1867677,2021-01-22,109.64,A
1400,1982154,2021-01-22,196.94,A
1401,1673496,2021-01-22,699.86,A
1402,1959117,2021-01-22,55.02,A
1403,1868893,2021-01-22,140.35,A
1404,1556583,2021-01-22,723.25,A
1405,1837095,2021-01-22,24.68,A
1406,1865387,2021-01-22,218.73,A
1407,1894182,2021-01-22,2169.14,A
1408,1948178,2021-01-22,636.18,A
1409,1973622,2021-01-22,989.57,A
1410,1211993,2021-01-22,336.04,A
1411,1843684,2021-01-22,240.76,A
1412,1984853,2021-01-22,841.18,A
1413,1749811,2021-01-22,507.38,A
1414,1321181,2021-01-22,773.0,A
1415,1974116,2021-01-22,518.44,A
1416,1346867,2021-01-22,172.29,A
1417,1988379,2021-01-22,263.39,A
1418,1774661,2021-01-22,166.98,A
1419,1756844,2021-01-22,383.38,A
1420,1760600,2021-01-22,482.36,A
1421,1571446,2021-01-22,113.75,A
1422,1778371,2021-01-22,90.64,A
1423,1133866,2021-01-22,740.75,A
1424,1009390,2021-01-22,453.57,A
1425,1667897,2021-01-22,412.14,B
1426,1643944,2021-01-22,479.65,B
1427,1954307,2021-01-22,780.07,B
1428,1850602,2021-01-22,1119.29,B
1429,1628093,2021-01-22,1586.37,B
1430,1558946,2021-01-22,70.54,B
1431,1443341,2021-01-22,645.23,B
1432,1510723,2021-01-22,193.5,B
1433,1589867,2021-01-22,667.32,B
1434,1696479,2021-01-22,1068.81,B
1435,1939560,2021-01-22,810.01,B
1436,1138245,2021-01-22,1000.87,B
1437,1801801,2021-01-22,734.88,B
1438,1342601,2021-01-22,141.05,B
1439,1388781,2021-01-22,156.49,B
1440,1033137,2021-01-22,379.1,B
1441,1868673,2021-01-22,383.2,B
1442,1090744,2021-01-22,855.5,B
1443,1490795,2021-01-22,736.66,B
1444,1402841,2021-01-22,452.77,B
1445,1005081,2021-01-22,367.82,B
1446,1629231,2021-01-22,503.97,B
1447,1431049,2021-01-22,1296.49,B
1448,1872697,2021-01-22,298.4,B
1449,1594640,2021-01-22,413.21,B
1450,1398058,2021-01-22,168.76,B
1451,1562502,2021-01-22,331.89,B
1452,1699463,2021-01-22,130.45,B
1453,1866192,2021-01-22,398.34,B
1454,1405462,2021-01-22,241.82,B
1455,1982217,2021-01-22,204.54,B
1456,1356501,2021-01-22,497.39,B
1457,1870441,2021-01-22,239.8,B
1458,1740865,2021-01-22,685.39,B
1459,1112654,2021-01-22,128.74,B
1460,1310191,2021-01-22,379.92,B
1461,1304805,2021-01-22,183.36,B
1462,1381666,2021-01-22,1229.13,B
1463,1560256,2021-01-22,133.08,B
1464,1174510,2021-01-22,161.65,B
1465,1808905,2021-01-22,552.87,B
1466,1339398,2021-01-22,401.23,B
1467,1053564,2021-01-22,519.77,B
1468,1651280,2021-01-22,871.83,B
1469,1047079,2021-01-22,159.3,B
1470,1809056,2021-01-22,335.14,B
1471,1062566,2021-01-22,319.0,B
1472,1420169,2021-01-22,268.09,B
1473,1312300,2021-01-22,700.11,B
1474,1932175,2021-01-22,264.48,B
1475,1331590,2021-01-22,402.86,B
1476,1098743,2021-01-23,305.8,A
1477,1031117,2021-01-23,325.86,A
1478,1122933,2021-01-23,973.44,A
1479,1551195,2021-01-23,1100.99,A
1480,1068175,2021-01-23,558.6,A
1481,1412469,2021-01-23,76.92,A
1482,1902595,2021-01-23,853.22,A
1483,1034248,2021-01-23,626.1,A
1484,1500050,2021-01-23,536.93,A
1485,1310198,2021-01-23,150.34,A
1486,1095721,2021-01-23,361.22,A
1487,1430637,2021-01-23,450.38,A
1488,1143324,2021-01-23,368.78,A
1489,1006543,2021-01-23,794.15,A
1490,1311972,2021-01-23,234.31,A
1491,1862756,2021-01-23,1017.29,A
1492,1350964,2021-01-23,635.27,A
1493,1696913,2021-01-23,208.94,A
1494,1820167,2021-01-23,594.24,A
1495,1234121,2021-01-23,552.39,A
1496,1316746,2021-01-23,63.3,A
1497,1242308,2021-01-23,714.02,A
1498,1842200,2021-01-23,938.82,A
1499,1318722,2021-01-23,269.22,A
1500,1099492,2021-01-23,253.86,A
1501,1511653,2021-01-23,1104.41,A
1502,1872342,2021-01-23,814.62,A
1503,1168043,2021-01-23,534.93,A
1504,1172531,2021-01-23,629.45,A
1505,1317365,2021-01-23,159.61,A
1506,1752568,2021-01-23,491.21,A
1507,1534276,2021-01-23,972.77,A
1508,1408504,2021-01-23,534.01,A
1509,1034869,2021-01-23,527.48,A
1510,1024403,2021-01-23,283.08,B
1511,1463985,2021-01-23,19.33,B
1512,1292788,2021-01-23,561.6,B
1513,1025374,2021-01-23,452.82,B
1514,1804237,2021-01-23,467.57,B
1515,1280544,2021-01-23,116.64,B
1516,1283787,2021-01-23,264.92,B
1517,1439299,2021-01-23,226.77,B
1518,1245793,2021-01-23,366.64,B
1519,1497012,2021-01-23,753.54,B
1520,1622351,2021-01-23,16.61,B
1521,1784828,2021-01-23,290.33,B
1522,1754381,2021-01-23,136.37,B
1523,1697039,2021-01-23,644.0,B
1524,1876049,2021-01-23,447.6,B
1525,1524366,2021-01-23,389.43,B
1526,1190491,2021-01-23,470.02,B
1527,1882468,2021-01-23,1257.92,B
1528,1637782,2021-01-23,17.05,B
1529,1449694,2021-01-23,136.91,B
1530,1533179,2021-01-23,485.71,B
1531,1868698,2021-01-23,276.06,B
1532,1216639,2021-01-23,616.77,B
1533,1335879,2021-01-23,745.51,B
1534,1572838,2021-01-23,209.27,B
1535,1994301,2021-01-23,159.04,B
1536,1634690,2021-01-23,200.74,B
1537,1242016,2021-01-23,331.97,B
1538,1121534,2021-01-23,241.09,B
1539,1512662,2021-01-23,539.66,B
1540,1224017,2021-01-23,775.66,B
1541,1160370,2021-01-23,425.32,B
1542,1708957,2021-01-23,340.94,B
1543,1336436,2021-01-23,1733.01,B
1544,1338398,2021-01-23,287.9,B
1545,1108054,2021-01-24,412.96,A
1546,1716761,2021-01-24,1527.75,A
1547,1100261,2021-01-24,150.97,A
1548,1159422,2021-01-24,384.63,A
1549,1307869,2021-01-24,1230.85,A
1550,1910088,2021-01-24,377.95,A
1551,1238919,2021-01-24,329.85,A
1552,1988050,2021-01-24,543.48,A
1553,1393840,2021-01-24,380.81,A
1554,1359108,2021-01-24,1168.77,A
1555,1906108,2021-01-24,249.27,A
1556,1584558,2021-01-24,163.16,A
1557,1904233,2021-01-24,869.56,A
1558,1140727,2021-01-24,152.57,A
1559,1265122,2021-01-24,374.5,A
1560,1666339,2021-01-24,1107.41,A
1561,1320880,2021-01-24,138.5,A
1562,1749903,2021-01-24,463.53,A
1563,1008563,2021-01-24,289.96,A
1564,1180791,2021-01-24,166.63,A
1565,1955386,2021-01-24,318.15,A
1566,1269003,2021-01-24,188.0,A
1567,1335003,2021-01-24,227.3,A
1568,1457997,2021-01-24,797.72,A
1569,1193523,2021-01-24,200.45,A
1570,1402183,2021-01-24,642.29,A
1571,1124357,2021-01-24,318.99,B
1572,1722336,2021-01-24,145.08,B
1573,1265084,2021-01-24,1197.29,B
1574,1004910,2021-01-24,430.63,B
1575,1782838,2021-01-24,1554.52,B
1576,1664453,2021-01-24,271.06,B
1577,1247487,2021-01-24,645.66,B
1578,1599132,2021-01-24,976.88,B
1579,1606645,2021-01-24,975.23,B
1580,1412619,2021-01-24,174.07,B
1581,1187580,2021-01-24,805.69,B
1582,1428644,2021-01-24,267.44,B
1583,1224944,2021-01-24,374.07,B
1584,1487992,2021-01-24,278.73,B
1585,1968447,2021-01-24,726.12,B
1586,1625874,2021-01-24,546.06,B
1587,1741739,2021-01-24,420.21,B
1588,1522449,2021-01-24,1008.45,B
1589,1869627,2021-01-24,463.79,B
1590,1330271,2021-01-24,986.12,B
1591,1573003,2021-01-24,34.79,B
1592,1231113,2021-01-24,639.79,B
1593,1355511,2021-01-24,755.88,B
1594,1400100,2021-01-24,135.01,B
1595,1975203,2021-01-24,308.0,B
1596,1818480,2021-01-24,301.01,B
1597,1679526,2021-01-24,667.03,B
1598,1493457,2021-01-24,93.17,B
1599,1379037,2021-01-24,917.04,B
1600,1249712,2021-01-24,384.28,B
1601,1715707,2021-01-24,686.41,B
1602,1656187,2021-01-24,1216.27,B
1603,1521259,2021-01-24,802.18,B
1604,1238814,2021-01-24,1301.92,B
1605,1743202,2021-01-24,388.91,B
1606,1045275,2021-01-25,94.16,A
1607,1406370,2021-01-25,297.46,A
1608,1564692,2021-01-25,1066.51,A
1609,1331537,2021-01-25,148.76,A
1610,1717405,2021-01-25,1200.08,A
1611,1466968,2021-01-25,312.53,A
1612,1710169,2021-01-25,768.36,A
1613,1398902,2021-01-25,106.79,A
1614,1130242,2021-01-25,331.49,A
1615,1853722,2021-01-25,812.44,A
1616,1509312,2021-01-25,145.75,A
1617,1467650,2021-01-25,190.25,A
1618,1126379,2021-01-25,89.99,A
1619,1362718,2021-01-25,1264.95,A
1620,1255754,2021-01-25,571.53,A
1621,1573474,2021-01-25,53.25,A
1622,1120643,2021-01-25,136.81,A
1623,1729310,2021-01-25,219.3,A
1624,1996904,2021-01-25,283.93,A
1625,1818151,2021-01-25,160.32,A
1626,1728930,2021-01-25,480.27,A
1627,1487460,2021-01-25,390.93,A
1628,1495252,2021-01-25,936.24,A
1629,1285401,2021-01-25,490.1,A
1630,1885044,2021-01-25,378.07,A
1631,1702237,2021-01-25,174.32,A
1632,1267586,2021-01-25,327.69,A
1633,1623903,2021-01-25,40.13,A
1634,1813261,2021-01-25,899.65,A
1635,1077299,2021-01-25,634.75,A
1636,1854569,2021-01-25,410.11,B
1637,1422743,2021-01-25,336.61,B
1638,1471578,2021-01-25,1159.81,B
1639,1825382,2021-01-25,533.01,B
1640,1732793,2021-01-25,815.34,B
1641,1739525,2021-01-25,233.69,B
1642,1928507,2021-01-25,545.0,B
1643,1247595,2021-01-25,1183.63,B
1644,1049831,2021-01-25,240.63,B
1645,1898168,2021-01-25,734.58,B
1646,1349166,2021-01-25,1113.63,B
1647,1225277,2021-01-25,644.65,B
1648,1566039,2021-01-25,362.09,B
1649,1238514,2021-01-25,507.07,B
1650,1134437,2021-01-25,570.35,B
1651,1424845,2021-01-25,705.22,B
1652,1898774,2021-01-25,415.66,B
1653,1475554,2021-01-25,277.21,B
1654,1922230,2021-01-25,247.14,B
1655,1667402,2021-01-25,635.96,B
1656,1044044,2021-01-25,621.76,B
1657,1576847,2021-01-25,485.56,B
1658,1625314,2021-01-25,626.7,B
1659,1592596,2021-01-25,480.07,B
1660,1689092,2021-01-25,648.67,B
1661,1584989,2021-01-25,1142.79,B
1662,1962121,2021-01-25,942.78,B
1663,1365127,2021-01-25,600.37,B
1664,1761064,2021-01-25,335.26,B
1665,1659325,2021-01-25,353.08,B
1666,1377730,2021-01-25,318.91,B
1667,1297164,2021-01-25,695.21,B
1668,1480241,2021-01-25,1146.56,B
1669,1797052,2021-01-25,528.31,B
1670,1530704,2021-01-25,315.92,B
1671,1656146,2021-01-25,589.29,B
1672,1684266,2021-01-25,421.75,B
1673,1966636,2021-01-25,215.09,B
1674,1548564,2021-01-25,703.43,B
1675,1741321,2021-01-25,505.09,B
1676,1488428,2021-01-25,599.88,B
1677,1051013,2021-01-25,322.75,B
1678,1886951,2021-01-25,342.82,B
1679,1108471,2021-01-25,83.16,B
1680,1907794,2021-01-25,97.45,B
1681,1669417,2021-01-25,833.37,B
1682,1755615,2021-01-25,898.87,B
1683,1405716,2021-01-25,206.84,B
1684,1001523,2021-01-26,899.26,A
1685,1099708,2021-01-26,311.79,A
1686,1028349,2021-01-26,991.44,A
1687,1043230,2021-01-26,537.12,A
1688,1131829,2021-01-26,331.15,A
1689,1602739,2021-01-26,443.99,A
1690,1668521,2021-01-26,366.32,A
1691,1942553,2021-01-26,996.03,A
1692,1713642,2021-01-26,386.68,A
1693,1368675,2021-01-26,676.01,A
1694,1899769,2021-01-26,315.51,A
1695,1441837,2021-01-26,65.69,A
1696,1093113,2021-01-26,382.95,A
1697,1817284,2021-01-26,622.17,A
1698,1284123,2021-01-26,297.16,A
1699,1727175,2021-01-26,717.05,A
1700,1092635,2021-01-26,636.32,A
1701,1121330,2021-01-26,1040.73,A
1702,1149534,2021-01-26,270.35,A
1703,1395632,2021-01-26,500.81,A
1704,1529878,2021-01-26,933.66,A
1705,1507124,2021-01-26,685.7,A
1706,1120360,2021-01-26,1561.17,A
1707,1872741,2021-01-26,52.4,A
1708,1418201,2021-01-26,1073.92,A
1709,1925899,2021-01-26,1100.82,B
1710,1506803,2021-01-26,75.34,B
1711,1473933,2021-01-26,703.68,B
1712,1797645,2021-01-26,773.74,B
1713,1087470,2021-01-26,363.68,B
1714,1801631,2021-01-26,384.79,B
1715,1097778,2021-01-26,280.02,B
1716,1220030,2021-01-26,563.81,B
1717,1148371,2021-01-26,238.01,B
1718,1287510,2021-01-26,440.4,B
1719,1704032,2021-01-26,479.73,B
1720,1519679,2021-01-26,404.06,B
1721,1769684,2021-01-26,951.47,B
1722,1429954,2021-01-26,312.56,B
1723,1227611,2021-01-26,157.83,B
1724,1398267,2021-01-26,902.78,B
1725,1462940,2021-01-26,464.46,B
1726,1903434,2021-01-26,170.21,B
1727,1209101,2021-01-26,539.39,B
1728,1323735,2021-01-26,750.66,B
1729,1531334,2021-01-26,1510.02,B
1730,1493561,2021-01-26,321.95,B
1731,1152271,2021-01-26,375.33,B
1732,1694822,2021-01-26,158.43,B
1733,1833325,2021-01-26,127.95,B
1734,1965260,2021-01-26,365.1,B
1735,1255213,2021-01-26,1124.78,B
1736,1539531,2021-01-26,964.3,B
1737,1911868,2021-01-26,587.32,B
1738,1968776,2021-01-26,1030.54,B
1739,1977095,2021-01-26,548.39,B
1740,1970776,2021-01-26,181.88,B
1741,1261526,2021-01-26,175.72,B
1742,1033416,2021-01-26,39.89,B
1743,1418269,2021-01-26,513.65,B
1744,1150536,2021-01-26,648.53,B
1745,1659930,2021-01-26,481.53,B
1746,1683231,2021-01-26,152.84,B
1747,1393837,2021-01-26,555.23,B
1748,1867112,2021-01-26,820.87,B
1749,1839204,2021-01-26,571.5,B
1750,1396164,2021-01-26,524.87,B
1751,1232429,2021-01-26,293.08,B
1752,1277334,2021-01-26,83.13,B
1753,1276627,2021-01-26,885.8,B
1754,1748915,2021-01-26,155.51,B
1755,1241377,2021-01-27,126.6,A
1756,1496334,2021-01-27,323.24,A
1757,1002128,2021-01-27,511.15,A
1758,1481700,2021-01-27,676.49,A
1759,1158129,2021-01-27,914.07,A
1760,1493854,2021-01-27,657.79,A
1761,1964753,2021-01-27,268.61,A
1762,1299828,2021-01-27,82.05,A
1763,1432077,2021-01-27,861.07,A
1764,1341882,2021-01-27,172.17,A
1765,1396688,2021-01-27,107.12,A
1766,1589916,2021-01-27,1102.85,A
1767,1155197,2021-01-27,219.24,A
1768,1642737,2021-01-27,657.54,A
1769,1191445,2021-01-27,320.88,A
1770,1855469,2021-01-27,581.17,A
1771,1948765,2021-01-27,597.37,A
1772,1673081,2021-01-27,196.03,A
1773,1467340,2021-01-27,191.06,A
1774,1143167,2021-01-27,555.26,A
1775,1046381,2021-01-27,354.92,A
1776,1389097,2021-01-27,478.14,A
1777,1460996,2021-01-27,63.17,A
1778,1634765,2021-01-27,230.29,A
1779,1399369,2021-01-27,816.11,A
1780,1114960,2021-01-27,722.43,B
1781,1693425,2021-01-27,819.37,B
1782,1091505,2021-01-27,394.64,B
1783,1265210,2021-01-27,148.89,B
1784,1530376,2021-01-27,341.79,B
1785,1866241,2021-01-27,144.36,B
1786,1680586,2021-01-27,1067.32,B
1787,1174853,2021-01-27,804.36,B
1788,1910177,2021-01-27,1650.71,B
1789,1557647,2021-01-27,990.66,B
1790,1098389,2021-01-27,247.25,B
1791,1494298,2021-01-27,1438.88,B
1792,1939967,2021-01-27,375.81,B
1793,1134497,2021-01-27,560.14,B
1794,1630025,2021-01-27,209.13,B
1795,1408082,2021-01-27,645.65,B
1796,1888884,2021-01-27,747.51,B
1797,1580881,2021-01-27,460.06,B
1798,1352043,2021-01-27,629.21,B
1799,1732170,2021-01-27,590.06,B
1800,1210324,2021-01-27,479.32,B
1801,1264611,2021-01-27,111.11,B
1802,1775423,2021-01-27,423.4,B
1803,1522112,2021-01-27,429.95,B
1804,1465108,2021-01-27,72.19,B
1805,1540484,2021-01-27,389.01,B
1806,1173407,2021-01-27,440.11,B
1807,1645813,2021-01-27,1797.9,B
1808,1530836,2021-01-27,1675.65,B
1809,1658849,2021-01-27,850.52,B
1810,1999707,2021-01-27,140.52,B
1811,1598548,2021-01-27,956.75,B
1812,1535022,2021-01-27,515.8,B
1813,1558069,2021-01-27,352.07,B
1814,1200272,2021-01-27,570.19,B
1815,1916608,2021-01-27,433.03,B
1816,1955381,2021-01-27,179.37,B
1817,1747915,2021-01-28,838.43,A
1818,1180270,2021-01-28,331.56,A
1819,1497754,2021-01-28,266.66,A
1820,1920803,2021-01-28,367.62,A
1821,1205794,2021-01-28,201.19,A
1822,1086736,2021-01-28,552.06,A
1823,1572441,2021-01-28,460.32,A
1824,1221545,2021-01-28,98.96,A
1825,1040101,2021-01-28,196.71,A
1826,1213700,2021-01-28,1394.69,A
1827,1250250,2021-01-28,470.51,A
1828,1607335,2021-01-28,1805.43,A
1829,1246578,2021-01-28,194.58,A
1830,1816999,2021-01-28,408.79,A
1831,1101796,2021-01-28,330.95,A
1832,1924474,2021-01-28,129.66,A
1833,1524781,2021-01-28,354.16,A
1834,1372817,2021-01-28,395.45,A
1835,1982663,2021-01-28,155.47,A
1836,1747817,2021-01-28,692.01,A
1837,1854462,2021-01-28,701.97,A
1838,1715331,2021-01-28,102.03,A
1839,1068956,2021-01-28,900.35,A
1840,1809005,2021-01-28,237.85,B
1841,1766448,2021-01-28,204.64,B
1842,1087364,2021-01-28,1050.48,B
1843,1061982,2021-01-28,199.85,B
1844,1467594,2021-01-28,223.63,B
1845,1618705,2021-01-28,898.91,B
1846,1804601,2021-01-28,404.67,B
1847,1030625,2021-01-28,482.23,B
1848,1000384,2021-01-28,254.63,B
1849,1145018,2021-01-28,215.28,B
1850,1325301,2021-01-28,252.42,B
1851,1545036,2021-01-28,206.17,B
1852,1285728,2021-01-28,526.82,B
1853,1550141,2021-01-28,435.03,B
1854,1713815,2021-01-28,398.61,B
1855,1583500,2021-01-28,1549.42,B
1856,1580726,2021-01-28,43.47,B
1857,1769237,2021-01-28,499.43,B
1858,1405595,2021-01-28,428.58,B
1859,1648191,2021-01-28,916.5,B
1860,1542351,2021-01-28,896.5,B
1861,1688465,2021-01-28,662.39,B
1862,1837162,2021-01-28,405.51,B
1863,1313081,2021-01-28,181.4,B
1864,1924364,2021-01-28,351.05,B
1865,1955835,2021-01-28,934.13,B
1866,1984403,2021-01-28,449.88,B
1867,1660888,2021-01-28,915.91,B
1868,1391154,2021-01-28,1417.73,B
1869,1603118,2021-01-28,568.16,B
1870,1082997,2021-01-28,564.44,B
1871,1024122,2021-01-28,943.3,B
1872,1766216,2021-01-28,793.2,B
1873,1620024,2021-01-28,268.33,B
1874,1263472,2021-01-28,1156.46,B
1875,1080049,2021-01-28,525.6,B
1876,1787812,2021-01-28,524.84,B
1877,1507336,2021-01-28,559.11,B
1878,1131923,2021-01-28,224.42,B
1879,1327450,2021-01-28,529.96,B
1880,1447102,2021-01-28,698.22,B
1881,1377151,2021-01-29,72.76,A
1882,1910202,2021-01-29,52.43,A
1883,1753935,2021-01-29,38.68,A
1884,1156609,2021-01-29,180.85,A
1885,1604974,2021-01-29,993.16,A
1886,1906572,2021-01-29,1038.24,A
1887,1837155,2021-01-29,695.31,A
1888,1969803,2021-01-29,358.38,A
1889,1756688,2021-01-29,381.96,A
1890,1987094,2021-01-29,31.12,A
1891,1718848,2021-01-29,397.41,A
1892,1287877,2021-01-29,590.33,A
1893,1738564,2021-01-29,172.01,A
1894,1732206,2021-01-29,104.7,A
1895,1961311,2021-01-29,175.14,A
1896,1996012,2021-01-29,991.76,A
1897,1372008,2021-01-29,583.7,A
1898,1147390,2021-01-29,1032.26,A
1899,1573985,2021-01-29,684.32,A
1900,1557930,2021-01-29,314.6,A
1901,1452819,2021-01-29,299.1,A
1902,1831817,2021-01-29,273.62,A
1903,1274958,2021-01-29,560.31,A
1904,1595158,2021-01-29,662.73,A
1905,1703241,2021-01-29,934.59,A
1906,1172679,2021-01-29,506.28,A
1907,1472265,2021-01-29,1469.8,A
1908,1406810,2021-01-29,879.51,B
1909,1343976,2021-01-29,587.03,B
1910,1061394,2021-01-29,633.29,B
1911,1880684,2021-01-29,509.52,B
1912,1589550,2021-01-29,524.21,B
1913,1907284,2021-01-29,702.27,B
1914,1420328,2021-01-29,479.09,B
1915,1990045,2021-01-29,386.39,B
1916,1326497,2021-01-29,691.76,B
1917,1331828,2021-01-29,758.52,B
1918,1320725,2021-01-29,483.49,B
1919,1949164,2021-01-29,667.97,B
1920,1043552,2021-01-29,438.15,B
1921,1995940,2021-01-29,183.12,B
1922,1813355,2021-01-29,297.29,B
1923,1454451,2021-01-29,968.03,B
1924,1119454,2021-01-29,168.25,B
1925,1879485,2021-01-29,834.72,B
1926,1107118,2021-01-29,786.2,B
1927,1204989,2021-01-29,1345.3,B
1928,1523208,2021-01-29,1362.19,B
1929,1763649,2021-01-29,219.04,B
1930,1352528,2021-01-29,47.67,B
1931,1827596,2021-01-29,34.72,B
1932,1870538,2021-01-29,308.54,B
1933,1807228,2021-01-29,281.08,B
1934,1604800,2021-01-29,785.04,B
1935,1818961,2021-01-29,390.46,B
1936,1407877,2021-01-29,371.55,B
1937,1371677,2021-01-29,1195.74,B
1938,1201594,2021-01-29,153.48,B
1939,1339981,2021-01-29,575.65,B
1940,1561301,2021-01-29,278.0,B
1941,1535091,2021-01-29,1350.15,B
1942,1004216,2021-01-29,250.9,B
1943,1376848,2021-01-29,1414.44,B
1944,1796348,2021-01-29,26.99,B
1945,1722959,2021-01-29,315.75,B
1946,1564217,2021-01-29,1742.27,B
1947,1658399,2021-01-30,385.16,A
1948,1522017,2021-01-30,224.59,A
1949,1116869,2021-01-30,368.85,A
1950,1033679,2021-01-30,233.84,A
1951,1142174,2021-01-30,129.59,A
1952,1841535,2021-01-30,790.14,A
1953,1003524,2021-01-30,279.21,A
1954,1360401,2021-01-30,433.03,A
1955,1278048,2021-01-30,187.8,A
1956,1882843,2021-01-30,96.28,A
1957,1105887,2021-01-30,1878.21,A
1958,1013824,2021-01-30,169.13,A
1959,1778568,2021-01-30,85.21,A
1960,1122074,2021-01-30,277.36,A
1961,1097442,2021-01-30,436.17,A
1962,1260836,2021-01-30,402.67,A
1963,1850843,2021-01-30,1784.75,A
1964,1454199,2021-01-30,1324.49,A
1965,1949199,2021-01-30,1298.5,A
1966,1416280,2021-01-30,1376.3,A
1967,1229677,2021-01-30,1060.25,A
1968,1731194,2021-01-30,848.02,A
1969,1748544,2021-01-30,465.74,A
1970,1200068,2021-01-30,673.35,A
1971,1577346,2021-01-30,442.03,A
1972,1479731,2021-01-30,385.7,A
1973,1718902,2021-01-30,372.72,A
1974,1438807,2021-01-30,231.68,A
1975,1688943,2021-01-30,291.62,A
1976,1135824,2021-01-30,478.08,A
1977,1571268,2021-01-30,266.28,A
1978,1347577,2021-01-30,219.71,A
1979,1473011,2021-01-30,1448.16,B
1980,1672049,2021-01-30,256.02,B
1981,1880648,2021-01-30,214.79,B
1982,1127058,2021-01-30,129.01,B
1983,1285475,2021-01-30,291.3,B
1984,1495580,2021-01-30,955.1,B
1985,1832296,2021-01-30,309.1,B
1986,1636558,2021-01-30,123.06,B
1987,1815349,2021-01-30,260.77,B
1988,1840212,2021-01-30,781.04,B
1989,1732642,2021-01-30,361.11,B
1990,1181545,2021-01-30,107.32,B
1991,1733128,2021-01-30,117.79,B
1992,1787399,2021-01-30,759.61,B
1993,1878489,2021-01-30,647.26,B
1994,1915386,2021-01-30,808.93,B
1995,1099875,2021-01-30,448.69,B
1996,1700878,2021-01-30,147.8,B
1997,1897117,2021-01-30,50.67,B
1998,1289098,2021-01-30,227.25,B
1999,1255559,2021-01-30,330.47,B
2000,1227527,2021-01-30,397.74,B
2001,1323240,2021-01-30,1004.58,B
2002,1456911,2021-01-30,585.34,B
2003,1086449,2021-01-30,712.54,B
2004,1655579,2021-01-30,286.25,B
2005,1840482,2021-01-30,356.53,B
2006,1219773,2021-01-30,838.58,B
2007,1784627,2021-01-30,318.4,B
2008,1950238,2021-01-30,473.03,B
2009,1489825,2021-01-30,514.68,B
2010,1869578,2021-01-30,341.97,B
2011,1385544,2021-01-30,618.17,B
2012,1233142,2021-01-30,461.01,B
2013,1106998,2021-01-30,685.2,B
2014,1156650,2021-01-30,582.78,B
2015,1861715,2021-01-30,931.78,B
2016,1645040,2021-01-31,238.24,A
2017,1430604,2021-01-31,77.36,A
2018,1351120,2021-01-31,262.01,A
2019,1994044,2021-01-31,674.75,A
2020,1868979,2021-01-31,108.96,A
2021,1459225,2021-01-31,279.36,A
2022,1004274,2021-01-31,708.42,A
2023,1068258,2021-01-31,77.97,A
2024,1321523,2021-01-31,371.89,A
2025,1304343,2021-01-31,858.96,A
2026,1560903,2021-01-31,294.98,A
2027,1355331,2021-01-31,231.43,A
2028,1023054,2021-01-31,764.98,A
2029,1248161,2021-01-31,317.59,A
2030,1746751,2021-01-31,340.46,A
2031,1289750,2021-01-31,1391.43,A
2032,1263364,2021-01-31,1886.57,A
2033,1825767,2021-01-31,192.4,A
2034,1647380,2021-01-31,60.35,A
2035,1264012,2021-01-31,75.92,A
2036,1405432,2021-01-31,896.05,A
2037,1263386,2021-01-31,260.08,A
2038,1378424,2021-01-31,386.62,A
2039,1698888,2021-01-31,350.85,A
2040,1270343,2021-01-31,468.62,A
2041,1153813,2021-01-31,262.81,A
2042,1621471,2021-01-31,295.04,A
2043,1890159,2021-01-31,293.03,A
2044,1830108,2021-01-31,461.7,A
2045,1805663,2021-01-31,562.25,A
2046,1603009,2021-01-31,1070.49,A
2047,1068451,2021-01-31,245.57,A
2048,1720335,2021-01-31,305.62,A
2049,1723292,2021-01-31,459.02,A
2050,1139147,2021-01-31,83.03,A
2051,1389510,2021-01-31,181.6,A
2052,1989409,2021-01-31,144.94,A
2053,1919465,2021-01-31,270.98,A
2054,1122194,2021-01-31,266.75,A
2055,1290258,2021-01-31,597.38,A
2056,1399533,2021-01-31,11.22,A
2057,1884429,2021-01-31,392.43,A
2058,1780794,2021-01-31,596.68,A
2059,1803889,2021-01-31,149.64,B
2060,1385761,2021-01-31,665.56,B
2061,1249774,2021-01-31,388.74,B
2062,1089882,2021-01-31,491.5,B
2063,1743264,2021-01-31,218.29,B
2064,1592886,2021-01-31,95.47,B
2065,1872473,2021-01-31,256.9,B
2066,1069873,2021-01-31,486.6,B
2067,1487406,2021-01-31,597.54,B
2068,1427134,2021-01-31,469.5,B
2069,1911755,2021-01-31,430.32,B
2070,1118459,2021-01-31,920.81,B
2071,1381928,2021-01-31,249.0,B
2072,1463762,2021-01-31,478.13,B
2073,1749910,2021-01-31,408.77,B
2074,1989668,2021-01-31,150.01,B
2075,1484319,2021-01-31,78.97,B
2076,1149103,2021-01-31,680.31,B
2077,1877855,2021-01-31,493.73,B
2078,1161003,2021-01-31,755.45,B
2079,1833913,2021-01-31,399.69,B
2080,1474961,2021-01-31,432.19,B
2081,1374314,2021-01-31,1015.09,B
2082,1425207,2021-01-31,532.88,B
2083,1326584,2021-01-31,1036.67,B
2084,1518359,2021-01-31,406.17,B
2085,1034091,2021-01-31,322.67,B
2086,1732543,2021-01-31,283.04,B
2087,1060744,2021-01-31,531.29,B
2088,1646443,2021-01-31,486.82,B
2089,1882183,2021-01-31,455.22,B
2090,1764140,2021-01-31,417.81,B
2091,1836066,2021-01-31,311.1,B
2092,1594673,2021-01-31,748.05,B
2093,1543605,2021-01-31,676.82,B
2094,1691373,2021-01-31,510.46,B
